{"name":"6f83725a-cedb-4439-bf61-e4829a61355c","id":"/providers/Microsoft.Flow/flows/6f83725a-cedb-4439-bf61-e4829a61355c","type":"Microsoft.Flow/flows","properties":{"apiId":"/providers/Microsoft.PowerApps/apis/shared_logicflows","displayName":"Paging data SharePoint List","definition":{"metadata":{"workflowEntityId":null,"processAdvisorMetadata":null,"flowclientsuspensionreason":"None","flowclientsuspensiontime":null,"flowclientsuspensionreasondetails":null,"creator":{"id":"1626d234-d02c-441a-b3fa-0ced93618363","type":"User","tenantId":"c005bafc-7dc7-45a4-8673-97a261480efe"},"provisioningMethod":"FromDefinition","failureAlertSubscription":true,"clientLastModifiedTime":"2022-12-23T12:12:06.8110595Z"},"$schema":"https://schema.management.azure.com/providers/Microsoft.Logic/schemas/2016-06-01/workflowdefinition.json#","contentVersion":"1.0.0.0","parameters":{"$connections":{"defaultValue":{},"type":"Object"},"$authentication":{"defaultValue":{},"type":"SecureObject"}},"triggers":{"Recurrence":{"recurrence":{"frequency":"Month","interval":1},"metadata":{"operationMetadataId":"99e6ad6b-3cb5-44df-b887-af92c03840ec"},"type":"Recurrence"}},"actions":{"Do_until":{"actions":{"getAllProjects":{"runAfter":{},"metadata":{"operationMetadataId":"15b778d4-7218-453f-a50d-28021d5397f8"},"type":"OpenApiConnection","inputs":{"host":{"apiId":"/providers/Microsoft.PowerApps/apis/shared_sharepointonline","connectionName":"shared_sharepointonline","operationId":"HttpRequest"},"parameters":{"dataset":"https://solucoessa.sharepoint.com/sites/ComunicaoCurso","parameters/method":"GET","parameters/uri":"@variables('nextLinkUri')","parameters/headers":{"Accept":"application/json;odata=nometadata","Content-Type":"application/json;odata=nometadata"}},"authentication":"@parameters('$authentication')"}},"parseGetAllProjectsJson":{"runAfter":{"getAllProjects":["Succeeded"]},"metadata":{"operationMetadataId":"95412866-512a-4672-9284-c2f2c5da279b"},"type":"ParseJson","inputs":{"content":"@body('getAllProjects')","schema":{"type":"object","properties":{"odata.nextLink":{"type":"string"},"value":{"type":"array","items":{"type":"object","properties":{"Id":{"type":"integer"},"Title":{"type":"string"},"ID":{"type":"integer"}},"required":["Id","Title","ID"]}}}}}},"Condition":{"actions":{"setNextLinkUriVariable":{"runAfter":{},"metadata":{"operationMetadataId":"a1de2c6a-d05a-45a9-93ec-6850f0c6c59a"},"type":"SetVariable","inputs":{"name":"nextLinkUri","value":"@{substring(body('parseGetAllProjectsJson')?['odata.nextLink'],54)}"}}},"runAfter":{"Apply_to_each":["Succeeded"]},"else":{"actions":{"setNextLinkUriVariableToNull":{"runAfter":{},"metadata":{"operationMetadataId":"d9cb0247-8dc1-4f8b-9fd1-86117ad1eae7"},"type":"SetVariable","inputs":{"name":"nextLinkUri","value":"Completed"}}}},"expression":{"not":{"equals":["@body('parseGetAllProjectsJson')?['odata.nextLink']","@null"]}},"metadata":{"operationMetadataId":"2fde6832-1d6e-4e47-8978-7fdebb68f049"},"type":"If"},"Apply_to_each":{"foreach":"@body('parseGetAllProjectsJson')?['value']","actions":{"appendProjectIdToArray":{"runAfter":{},"metadata":{"operationMetadataId":"084e2e96-fdcd-45e9-b650-4dafb457480e"},"type":"AppendToArrayVariable","inputs":{"name":"projectData","value":"@items('Apply_to_each')?['Title']"}}},"runAfter":{"parseGetAllProjectsJson":["Succeeded"]},"metadata":{"operationMetadataId":"d1721cf7-6a37-4bf7-987b-773134eff9e2"},"type":"Foreach","description":"Adiciona o ID do item no array"}},"runAfter":{"projectDataArray":["Succeeded"]},"expression":"@equals(variables('nextLinkUri'), 'Completed')","limit":{"count":5,"timeout":"PT1H"},"metadata":{"operationMetadataId":"33d20f1b-5bbe-4d5f-aecf-19d286de28e4"},"type":"Until"},"projectDataArray":{"runAfter":{"nextLinkUriVariable":["Succeeded"]},"metadata":{"operationMetadataId":"bb89cc20-e9c2-4ba7-9206-c0d7e767fefa"},"type":"InitializeVariable","inputs":{"variables":[{"name":"projectData","type":"array"}]},"description":"array que armazena os ids dos itens que deseja atualizar"},"nextLinkUriVariable":{"runAfter":{},"metadata":{"operationMetadataId":"59e88ca6-176d-40c7-8cde-a07bba936740"},"type":"InitializeVariable","inputs":{"variables":[{"name":"nextLinkUri","type":"string","value":"/_api/web/lists/getByTitle('Chamados')/Items?$Select=ID,Title&$top=1000"}]}}},"outputs":{},"description":"Example Power Automate flow handling API pagination when using the SharePoint HTTP action"},"connectionReferences":{"shared_sharepointonline":{"connectionName":"3d358aaaa1ac4b7caea126c53a13ffcc","source":"Embedded","id":"/providers/Microsoft.PowerApps/apis/shared_sharepointonline","tier":"NotSpecified"}},"flowFailureAlertSubscribed":false,"isManaged":false}}